numero_entrega,distancia_km,trafico,clima,hora_pico,tiempo_entrega
63,99.8850227882743,60.357447262131046,0,1,130.08674186168497
697,89.44160492333113,15.312794213724246,1,1,89.20968104552702
165,28.311474460923836,96.26826917575335,0,0,75.78331415661575
664,5.913093976782868,17.685002426076736,0,1,33.57297639446466
772,88.05208629235123,61.6258070500343,0,1,121.25457255889813
586,15.430747716747472,42.4191794938241,0,0,38.55418792031003
560,84.35555774191175,14.421043469576468,0,0,79.69496792831764
618,79.0623127189378,59.989323482644885,0,1,113.24451191647269
497,98.1385712887235,94.21692829572835,0,0,130.61932117884297
464,92.10815491152279,92.360309174214,1,1,129.86667851632524
529,72.360490387022,15.969199457255867,1,1,75.87299203824554
120,48.07185150393734,56.794150340627844,0,0,71.8545563734638
288,65.29090446614151,54.38972911219173,0,0,84.42758812900908
158,65.32565178581281,51.80326866419649,1,0,73.16215576074849
954,97.94441872781294,61.74959532641835,1,1,119.23033264545954
912,81.24018849719465,15.875760342611112,1,1,82.93003096906128
168,0.9405624411574665,43.112364404225325,1,0,17.308632155038637
82,33.87553602224169,31.177496353257872,1,1,52.68917699442229
20,75.7433062866843,16.378503383759636,0,0,73.78389672122726
104,92.56656451792658,12.377968170245046,0,0,85.24223569946379
353,16.933169714403096,41.149993469100835,1,1,44.121532506072896
384,39.26826973763314,21.87031439935717,1,0,37.349772989785095
961,21.19089796561503,32.95730930684652,0,0,38.431373025915285
131,7.867536797532315,67.19170069485739,1,0,34.889879785454546
892,46.169142827956655,44.34479052521871,0,1,79.10770952497468
17,14.740915529577315,23.768384737351724,1,0,18.676924792337715
685,91.96107482331077,73.64435633696557,1,0,105.3910380271314
199,7.125624788231089,31.210258927702995,0,1,41.30562929443637
805,89.22587866993032,10.14271759627957,0,1,96.45206173408404
54,17.71266004320561,2.1980793746437577,0,0,20.26916772188637
210,24.29699627166467,44.42994018633905,0,1,61.652567110501266
937,86.58177595831545,91.96714815371661,0,1,135.24899484351067
6,39.763097456018585,71.43482117793596,1,0,62.527888553782844
679,56.41477248621971,19.38157782033243,0,1,74.82260689914199
573,72.01304085534724,72.49390371321944,0,0,98.85738454088752
224,72.98408340796925,60.70801660097612,1,1,98.74127502686346
477,2.423810051762465,14.397948933468873,1,0,10.0
986,6.250914189484503,58.66675516991062,0,0,39.33410893654291
119,51.10890333896432,97.18418108118976,1,0,84.47921321176634
732,64.55800318526607,6.9205313382557865,1,0,50.106668217340754
784,97.9709410729711,11.425986738156036,0,1,104.08974622745491
878,5.539028414335256,68.07832185473485,1,1,48.47038365883563
11,13.735058178816162,49.78826269358867,0,0,40.88217788984727
754,97.77453207254713,39.226987444959114,0,0,102.83311938051727
91,42.98116596740791,85.970537913186,0,1,97.37020173051934
972,44.69247036221384,59.258576478828054,1,0,60.3832645291851
596,53.414777008643576,41.35580393201238,0,0,68.40972357292105
113,76.16550820287145,30.0102225699727,1,0,70.93751784728352
218,23.69720041894595,47.98899649763917,1,1,52.952258583976345
799,11.714760140474445,74.69413185659464,1,1,56.71887404067687
675,85.97300910886408,90.4860386709147,0,1,134.02142662254863
175,48.16651102444499,43.179327730267424,1,1,70.12287268468971
204,8.01617700802998,58.10209461014284,1,1,45.463988911495406
641,19.561497447392107,99.67420459891694,1,0,60.48630025737216
130,36.55674428316347,91.99977179696023,1,1,85.2452813250109
676,56.601573881937895,80.96954185970826,1,1,95.76603003540444
274,0.5839805501845707,93.81845068956545,1,1,57.37640978493038
766,93.48780248205172,84.29243748988088,0,1,136.9364607305818
708,71.174447815849,91.1062281929145,1,1,112.49267234913646
93,10.094417558683944,15.71066388846123,1,1,25.930865991177768
597,36.930097417119434,12.875468290511039,0,1,55.981812078951066
127,61.84394573262032,29.395535557374775,1,0,59.17292436478365
298,76.79956392365806,77.25983552593921,1,0,95.06956890189605
419,42.04651648468028,74.67680748333261,0,0,75.97561692941053
291,69.98245239534025,82.53311099533566,1,0,92.25251741394004
156,44.77776847775697,6.528237985592023,0,0,44.08633377500159
144,38.305990344245046,34.381373401081305,0,0,52.835478975936695
597,36.81931419303675,72.96044048195971,0,1,85.93567159540926
798,82.747195363187,90.71344969155399,0,0,116.5544811363266
762,82.78455838555868,30.93567361527829,1,1,91.6954835160861
240,17.77652099830791,50.64745924990734,0,0,44.544946423599995
410,32.94140977742552,6.930813217168175,0,0,34.81853443052451
789,70.2260294687571,3.9208076900914657,0,0,63.14122742005142
72,40.22586363163736,77.72100433631546,1,0,66.04119307346761
0,5.127111429315933,61.054189818364044,0,0,39.62878405263477
846,76.0147043820655,37.75217613149879,1,1,89.68785157140181
611,31.08508223076948,70.70987121470732,0,0,65.22300139196925
673,65.29194862005247,31.66184499555098,1,1,78.06448139381746
866,66.0064191951046,20.357760435051865,0,1,82.98401557360961
663,90.33114466901031,22.874913031622015,0,1,103.70237225101926
941,42.2097193501914,23.289333381638897,0,1,65.41244217097257
982,52.45017062936188,49.671396557795,0,0,71.795834782387
535,32.09130697653314,92.08789336698781,1,0,66.71699226472042
994,99.22557393607936,75.47310349949616,0,0,122.11701089861157
143,73.4178609604625,69.27626401921047,1,1,103.37242077797524
422,23.5917111438102,65.79899309458493,0,1,71.77286546234063
37,77.16512204449299,52.351478667279494,1,0,82.90783696923414
905,53.43808629775748,21.184737491164384,0,0,58.34283778378818
974,14.675651293872427,44.443696448461765,0,1,53.962369259328824
318,45.59995481721014,62.217123679174556,0,0,72.5885256933554
802,61.774186559929674,12.091198635633493,1,0,50.46494856576049
195,68.20674177535876,83.34286623386564,0,1,116.23682653721983
352,19.130379395590403,68.85729467089526,1,0,44.73295085191995
471,23.15046026016645,94.78932357656235,0,0,70.91502999641433
390,50.79529115719299,5.203079505089581,1,1,53.23777267829919
911,49.39097454170134,43.948178294191955,1,0,56.48686878045706
834,61.96672752266538,87.28868858781166,0,1,113.21772631203814
87,43.970062153331334,71.93583673426173,1,0,66.14396808979593
128,61.93660046317198,58.69106018093494,1,1,88.89481046100505
492,94.59862353379569,53.07112528205015,0,1,122.21446146806161
708,14.514136096650954,7.298049311500021,1,1,25.260333533070778
748,49.166441901765765,87.22989215768814,0,0,87.94809960025668
131,91.14166316721659,25.59431199911869,0,1,105.71048653333261
517,59.354690349546736,43.07050728093312,0,0,74.01900592010395
620,99.64793187780658,25.720203223575545,0,0,97.57844711403304
367,19.64399952881738,4.879803362343271,1,0,13.15510130422554
220,43.21490503142594,5.550872353539971,0,0,42.34736020191074
816,80.0324550562901,9.78854974131812,1,0,63.920238915691144
703,26.09217481564864,72.42835970895895,0,1,77.08791970699839
148,58.78949096842765,46.25854240485787,1,1,80.16086397717106
662,16.897023711148705,5.21065558057362,0,0,21.122946759205774
537,39.30252116111925,7.58094574633107,1,1,45.23248980206094
315,13.890699313282706,67.6821511611236,1,0,39.953635031187964
181,56.22849451944766,23.174713727327877,1,0,51.570152479222074
787,41.189337595452436,30.31702660177298,1,0,43.10998337724844
525,97.12365688584545,74.8176138216775,0,1,135.10773241951512
843,93.42620573459054,41.53025631900815,0,1,115.50609274717651
717,80.58723612471276,6.045233588131538,1,1,77.49240569383598
70,87.14466570575682,51.66908286745353,0,1,115.55027399833223
275,43.49887409169675,92.87830053082878,1,1,91.23824953877178
725,14.734902709630159,4.362648465258867,0,0,18.96924640033356
227,9.504520575249764,63.97312145430698,0,0,44.5901771873533
54,99.41777421745111,87.0097890966238,0,1,143.0391139222728
207,44.14269613130812,71.96190734647982,0,0,76.2951105782864
249,56.67192838676735,2.3847840829440914,1,0,41.52993475088593
17,62.981306643247024,32.27440889891731,0,1,86.52224976405627
547,38.38141069135788,71.05064205619769,1,1,76.23044958118516
33,39.73491566947413,39.38531015372232,0,1,71.48058761244046
387,64.11736246640056,64.38188151474291,1,0,78.48483073049192
0,69.36651979074136,33.53465383191101,1,0,67.2605427485486
417,77.42020803263424,60.14604789392125,1,0,87.00919037306801
561,49.546996308111616,70.13888102872252,0,0,79.70703756085055
95,59.13543621006131,76.99798075571265,0,1,105.80733934590538
376,54.955514588575625,99.10664296163748,0,1,113.51773315167924
966,0.8315573477022831,18.436278431633614,0,0,14.883385093978633
576,62.20783678843491,89.50263930969415,0,0,99.517589085595
79,80.88291683679786,2.7266209660887997,1,0,61.06964395248269
406,5.080372603035843,68.06141410158594,0,1,58.09500513322165
444,4.464641507267864,27.8712791609667,1,1,27.50735278629764
209,19.42468822823894,33.17970665772055,1,0,27.129603911451426
281,86.6641425264219,54.771638831923475,0,1,116.71713343709925
176,24.64100721722864,14.938593524205002,0,1,47.18210253588542
216,17.698544717073773,94.43991314620138,0,1,81.37879234675971
522,69.2506639847068,91.53431593008627,0,1,121.16768915280858
626,21.26548857504096,12.350909876491755,1,0,18.187845798278644
576,22.297347846265115,51.7001122254827,1,0,38.68793438975344
557,23.880716634366195,94.2250087578829,1,0,61.21707768643441
164,98.51693852121257,54.41381449538144,0,1,126.02045806466079
925,44.02749958170338,34.28951178005924,0,0,57.36675555539233
679,25.625379322070273,30.57353689658853,0,0,40.787071905950484
140,32.95152105045135,3.3516685438170657,1,0,23.037051112269616
496,93.81602979221259,44.876304637957595,0,0,102.49097615274887
881,10.909248440378082,80.93972198887072,0,1,69.19725974673783
427,43.5179433605267,45.976184804187746,0,1,77.80244709051523
771,4.579322200049996,55.64781242411112,1,0,26.487363972095558
25,90.05036805651126,14.472778635417672,1,0,74.27668376291786
993,11.354286559849369,34.82859494468049,1,1,36.49772672021974
632,31.93624237212581,91.69310084696414,0,0,76.39554432118273
941,70.7448262333515,40.708575519148894,0,1,96.95014874625565
865,32.29125647266803,78.73559806785799,1,1,75.20080421206342
762,92.40479675055877,26.39064147582656,0,1,107.1191581383603
574,27.169947949256425,10.116800586454854,0,1,46.79435865263257
665,11.246116241274763,97.36913070856076,0,0,62.68145834730019
1000,0.3800541839654281,49.754156634949354,0,1,45.18112166464702
844,63.912195112615876,99.1839153137726,1,0,95.721713746979
338,32.94770359195645,52.42843739063772,1,1,62.57238156888402
746,63.84939812349227,87.61742264044433,0,1,114.88822981901598
306,76.78271015032819,60.26006341973957,0,1,111.55619983013233
961,40.772359705202774,21.134311719688938,0,0,48.18504362400669
965,83.67293617265965,31.65746070545403,0,0,87.76707929085474
383,0.46431165038332,90.3983954859337,0,0,50.57064706327351
599,12.129650868984132,63.21806333585197,0,0,46.31275236311329
312,54.4441154260807,58.831897960503966,0,1,92.97124132111654
114,36.84811127139429,15.283046509136033,1,1,47.12001227168345
236,49.18762284570721,57.09325568275848,0,0,72.89672611794501
133,31.50751443175469,26.53226853009143,0,1,58.47214581044947
718,18.800985304983985,83.31047316138816,0,1,76.69602482468127
931,1.4910514748170067,76.15627647746727,0,1,59.270979418587245
327,16.212131452400058,28.532841122804996,0,0,32.236125723322544
976,77.27553977752945,61.98378879320272,1,1,102.81232621862492
579,71.19590658675521,36.11043985204787,1,0,70.01194519542811
595,41.84274043983669,50.02889065718512,1,0,53.48863768046192
483,67.53697431971737,75.22458575764658,1,0,86.6418723345972
261,23.91345283759685,92.35958948569201,0,1,85.31055701292348
271,62.06842942215215,2.670845348671924,1,0,45.99016621205769
406,37.7482646157441,37.35527445529549,0,0,53.87624892024303
356,90.8994865260796,39.31972991519898,0,1,112.37945417846316
710,13.51331988749207,44.45602447038151,0,0,38.03866814518441
557,93.35404869609476,79.68031472085728,1,0,109.52339631730445
308,48.58925412759339,44.920362309571715,0,1,81.33158445686058
505,68.78867568455645,69.50998771720262,0,1,109.78593440624647
313,83.73657183932839,99.88096161580239,0,0,121.92973827936392
838,8.207090088317681,21.903173181037616,0,0,22.517258661172953
792,48.87834039982479,10.372676334269093,1,0,39.28901048699438
92,72.8950525608252,21.84018271837912,0,1,89.23613340784972
435,54.83780097442552,51.45298035975973,0,0,74.59673095942028
313,9.496537899953317,81.61954030138037,0,0,53.40700047065284
839,97.70062505111301,37.63658309587724,1,0,91.97879158882904
613,23.746778545444446,12.797201730053231,0,1,45.39602370138218
941,58.291895255944084,9.199861813050669,1,0,46.233447111280604
835,24.468356384889823,14.943182977861124,1,0,22.046276596842425
558,79.93906021595303,93.75523881050525,0,1,130.82886757801506
629,61.32626309502999,41.25042894748465,1,1,79.68622494976631
54,97.31655102095871,93.81351502589148,1,1,134.75999832971272
134,22.2529875206846,53.80678527485042,0,1,64.70578265397289
541,44.64377407918349,9.499069024352991,1,0,35.464553775523285
449,52.54669676518032,61.04092895840204,1,0,67.55782189134528
547,23.82846039739076,91.72776354690659,0,1,84.9266500913659
211,45.21003800652029,52.065278834576254,1,0,57.200669822504366
73,46.651364817314786,79.5373442190031,0,0,82.08976396335339
781,79.29097103121798,0.177535856389599,1,0,58.52154475316918
508,7.982872959213605,85.14734375004508,1,1,58.959970242393425
126,29.15298697701212,50.547265599876546,1,1,58.59602238154797
23,49.528076860318635,72.40946407550489,1,0,70.82719352600736
703,66.57564615612154,41.96266474123658,1,1,84.24184929551552
90,92.02115448020969,95.81040672179442,1,0,116.52212694506497
393,97.96469459610208,83.54457003200567,0,0,125.14404069288449
971,70.087887626292,6.250081878086533,1,0,54.19535104007687
830,1.407932122788369,57.143014260086524,1,0,24.69785282827396
23,72.69107558146148,44.87305111688343,1,0,75.5893860236109
529,93.18829588013628,1.2962068271025307,0,1,95.1987401176603
188,54.96150147034344,90.7416046152796,0,0,94.34000348391456
877,12.600125195937151,73.98358189788092,1,0,42.071891105690185
667,22.164283561781474,16.597365395637887,0,1,46.03010954724412
268,49.80880247305659,70.08370761525359,0,1,94.88889578607207
142,56.90127751630097,23.737023558788415,1,0,52.38953379243499
337,98.20085368937514,86.73438551615914,0,1,141.92787570957967
642,19.192850393995407,33.980796946257186,0,1,52.34467878832492
760,58.949985632253274,64.09317558753193,0,0,84.20657629956858
944,64.66769819101697,27.300649386982478,0,1,85.38448324630481
592,10.79220807873985,59.2613514503184,1,0,33.26444218815108
564,0.23196026217834342,79.83495871238115,0,0,45.10304756593325
219,80.36228112241612,64.53727035433474,1,0,91.55846007510027
745,56.207062419662044,64.84969384091195,1,1,87.39049685618562
905,43.984345463113385,18.34618505301672,0,0,49.36056889699907
838,47.02376272699578,27.868767775648962,1,1,61.5533940694211
282,32.35160011937095,10.016824737150387,0,1,50.889692464071956
868,22.057518389863663,24.369208662610152,0,1,49.83061904319601
283,94.33125561796957,83.8231971040376,1,0,112.37660304639446
238,67.2582318607311,44.029765277891954,0,0,80.82146812753086
648,65.47250271339087,19.92084587416435,1,0,57.338425107794876
6,76.12407566220674,95.38221534094414,0,1,128.59036820023746
635,77.62116194994478,96.08475840362424,0,0,115.13930876176795
382,1.6907874964525615,23.88103554145887,0,0,18.293147767891483
809,45.031274759741,96.20414440116228,0,1,104.12709200837395
96,73.41619560960532,22.765969987058188,1,0,65.11594148121335
84,74.27026929195651,80.97491751294731,0,0,104.90367419003887
413,65.40778807455202,75.18827646767147,0,0,94.92036869347734
732,4.574678591016967,17.538960185300155,1,0,10.0
898,51.79112475544444,38.80551481529421,1,1,70.83565721200266
210,47.0322560657678,27.627471732398046,0,0,56.43954071881326
790,50.65621565391184,36.03686789047343,1,1,68.54340646836619
295,61.053391408609684,18.594284039924435,1,0,53.13985514684997
313,83.6189685476391,41.57239514538201,0,0,92.6813724108023
86,0.6433682738222091,25.790449633705858,1,1,23.409919435910698
96,35.08642118054885,74.04005120203222,0,1,85.0891625454552
104,31.898156972767666,28.98983441479077,0,0,45.01344278560952
892,22.19559658267879,87.64518368733562,1,1,71.57906910981085
305,58.76300530084366,54.93615122469924,1,1,84.47847985302455
345,43.80083254162418,48.33710328464299,0,1,79.20921767562083
503,72.3762636476064,64.22087881074806,0,1,110.01145032345914
77,18.17613231262896,52.832255726397136,1,0,35.95703371330173
777,32.41785100115293,65.2591298676994,1,1,68.56384573477204
815,58.8188839132494,10.462244999944037,0,0,57.28622963057154
647,94.74407518172666,25.901816792725242,1,1,98.74616854174396
78,1.7007037561640348,84.32828231980793,0,0,48.52470416483519
757,59.17737773021013,7.001193691562313,1,0,45.842499029949266
624,80.78297901026326,61.48934956316041,0,1,115.37105798979081
683,20.836865323924602,83.08595501896654,0,1,78.21246976862295
593,49.025617683733046,59.17791369313553,0,0,73.80945099355421
80,8.87657574929449,99.66267491910786,1,0,51.93259805898952
519,33.45184763368094,17.940714050107342,0,0,40.73183513199842
962,84.17947541622274,51.22527259083412,1,1,102.95621662839525
713,25.535671822175253,6.816376124073331,1,0,18.83672551977687
318,71.60931693871555,77.26825262430857,1,1,105.92157986312674
248,89.42679807824148,86.79236660093483,1,0,109.93762176306059
543,78.28651405049033,7.763979288896106,1,1,76.51120088484032
520,66.41018970327575,68.67052108485167,0,1,107.46341230504643
488,87.72117326375985,9.490959201796212,0,0,79.92241821190599
560,19.99523654431885,81.38716065868245,0,1,76.68976956479631
145,27.695122490006018,8.446689033338073,0,0,31.379442508673854
44,68.52974181302831,47.94607736909464,0,0,83.79683213496997
419,50.05765735206891,71.3265446382669,1,0,70.70939820078857
946,69.55484770542417,74.16239521894956,0,0,97.72507577381411
567,95.08997035438371,71.67990255676483,0,0,116.91192756188939
168,48.106019126973635,9.912219526243671,1,1,53.44092506470075
270,5.076832102338013,16.81032494177115,0,0,17.466628152755987
321,64.01914439334867,65.189457975773,1,1,93.81004450256543
37,48.33449331638376,56.26480899888971,1,0,61.79999915255186
837,11.815336114060548,66.56721048387519,0,1,62.73587413318603
752,6.898298946257119,10.256179956153144,1,1,20.646729135082268
173,33.980965940856066,74.20222924756882,0,1,84.28588737646926
912,9.05768274328046,80.45412539318774,0,0,52.473208891218235
245,34.34381194531586,60.242750393901254,1,1,67.59642475320331
889,95.08517222667466,50.737000533192855,0,0,106.43663804793616
806,8.212526544336063,70.18759842739874,0,1,61.66382044916822
768,6.883843259828904,45.94899745451318,0,0,33.48157333511972
884,68.16409816289894,89.2265695922579,1,0,94.14456332644811
606,29.688046491656152,71.1049300047856,1,0,54.30290219571772
120,79.74383999087391,41.44530067704066,0,1,104.51772233121946
977,88.22909548645758,8.675636453611634,0,1,94.9210946159719
481,46.95480871119329,35.81431697513147,1,1,65.47100545652036
100,54.46785603962581,59.4123748930469,1,0,68.2804722782241
709,81.81666075180031,26.014716814644768,1,0,73.46068700876263
303,16.973916254313416,8.001139209743869,0,1,37.57970260832267
952,50.189165689043676,98.7024461835242,0,1,109.50255564299705
925,56.91852809991236,59.8567146885999,1,1,85.46317982422984
185,11.190830647286443,60.34129283060166,1,0,34.123310933129986
634,58.53795860457141,96.00240733384857,1,0,89.8315705505814
216,57.76479474510313,28.26093057971123,1,1,70.34230108593812
870,22.40082652180626,24.16579349978799,1,0,25.003557967339006
833,75.23381935472435,72.00738747427113,1,1,106.19074922091505
675,63.12598293552302,98.15346445492172,1,1,109.57751857587928
976,24.046450742038527,28.086474012709694,1,0,28.28039759998567
566,20.088196971334582,13.495804926620847,1,1,32.81846004037809
318,22.77032935908364,96.57371748844398,1,1,76.5031222314889
480,82.72097695549789,61.28956870098129,0,1,116.82156591488896
228,68.35476951128648,62.36626377512627,1,0,80.86694749659232
331,70.99512355546928,17.331313802095206,1,1,75.46175574542302
248,52.93558942646809,60.6245814564398,0,0,77.66076226939438
572,15.010862579253182,71.68251099533757,1,0,42.84994556107133
911,29.619750863780116,8.02527770390753,0,0,32.70843954297786
459,76.46727248967952,94.33757682429957,1,0,103.3426064038934
551,70.56849473607605,5.8791570683412,1,1,69.39437432303144
540,73.45711135371492,22.265919794412202,0,0,74.89864898017804
52,55.55422244878906,12.388567738217592,0,0,55.63766182814005
198,70.9951246246337,50.68816417661479,0,1,102.14018178801436
80,88.82111592873598,9.282097448750914,0,1,95.69794146736425
93,37.69224473999786,14.544409047042716,1,1,47.42600031551965
981,34.67906284899222,78.75933112003575,1,1,77.12291583921166
389,9.446328386165447,95.6031498846686,0,0,60.358637651266655
27,94.0928278361162,36.81559800024324,1,1,103.68206126901458
902,34.47138894233882,44.02150259907794,0,1,69.58786245341003
8,14.50813198665315,90.53002848365368,1,0,51.871519831149364
801,17.15625380895408,66.97475324333111,0,1,67.21237966882882
578,1.5284727685116684,82.40740184444859,0,1,62.426479137033624
212,23.578144910559974,24.262288800534147,1,0,25.993660328715052
384,16.88157379880344,94.09720382812559,0,1,80.55386095310554
973,94.9731532781322,22.426212037182513,0,1,107.19162864109703
522,82.56371170243855,53.05054202986966,1,0,87.57624037688568
21,84.37468889994769,65.40399131258144,0,0,105.20174677624887
26,33.85837496679136,59.60170175803305,0,1,76.8875508524496
607,34.749295445837156,20.950597103703117,0,1,58.27473490852128
527,56.28438241736918,91.42079644170794,0,0,95.73790415474932
660,72.06910229462233,71.22410245379758,0,1,113.26733306259666
755,96.53568007491539,36.67060014703593,1,1,105.56384413345029
487,39.22147368879483,58.59784544360814,1,0,55.676101672839934
369,1.970587368310306,94.60996033387879,0,0,53.88145006158764
737,8.787720565551382,13.77899637593213,0,0,18.91967464040717
104,50.661844726685615,89.52446172217667,0,0,90.29170664243682
150,98.02420427747782,46.7583068258122,0,1,121.79851683488837
276,44.572967474597526,47.988530167403695,1,0,54.65263906337987
393,49.3182897702698,48.85871132964284,0,1,83.88398748103725
335,97.16954401140465,49.56110670896933,1,1,112.5161885636084
699,15.52190855803335,25.25434910051888,0,0,30.044701396686122
159,66.777191444314,75.25908041710035,0,1,111.05129336400137
977,95.2164124528836,25.898598951477815,1,0,84.1224294380458
921,51.794584610960236,22.781540394484622,1,0,47.8264378860105
513,67.72772392337521,92.548084219374,1,1,110.45622124838718
51,59.10530099299206,94.68607622305,0,0,99.62727890591864
559,29.5244739570277,30.86468898987468,0,1,59.051923660559495
314,2.5007870337446336,26.86055596979443,0,1,35.43090761189292
764,98.57615426199966,75.85491331749765,1,0,111.78838006834856
936,73.34036651713782,32.05769709948051,1,1,84.70114176345052
433,4.300117447634677,61.6112495540214,1,0,29.24571873511844
240,75.97720700464116,89.31034682103198,1,1,115.43693901422893
848,7.311136330696966,62.74112927382711,1,1,47.21947370147113
189,86.32489600577703,1.9125020973164042,1,1,80.01616785327984
976,2.8798208234699807,40.16880068851808,0,0,27.388257003035026
367,36.95696614766045,90.19863416693109,0,0,79.6648900015939
949,74.18408483981348,65.61893951978752,0,1,112.15673763174455
596,95.67710269594934,29.678826096885768,1,1,101.38109520520237
39,26.696637925189957,6.984594416538847,0,0,29.849607548421393
570,18.23401597111206,10.574100455695557,0,0,24.87426300473743
567,45.023714676675816,86.48839534184644,0,1,99.26316941226388
797,79.33928776094376,18.122255132679545,0,1,92.53255777509477
973,86.85420387898279,13.875299946648878,1,0,71.42101307651068
212,50.98277884856748,9.86264501429418,1,0,40.71754558600108
259,75.26160101222547,3.791429474360386,1,0,57.10499554696057
62,81.15500749922056,28.405303221676803,1,0,74.12665761021485
264,73.3126976917691,50.69687544600095,1,1,93.99859587641576
282,5.879986767168743,41.16442021497433,0,1,45.28619952122216
519,43.7704880312762,99.20514088916623,1,1,94.61896086960408
433,25.27791815812318,30.396389117185375,0,1,55.42052908509123
147,59.21407743796505,30.345974639389695,1,1,72.5442492700669
584,46.258679638632806,80.99986259870727,0,1,97.50687501025988
772,27.78100298343258,16.821371612347768,0,1,50.63548819291995
469,86.70743248613739,69.70840235073462,1,0,99.22014716427722
576,69.0246644493564,29.158104843679876,0,0,74.79878398132506
536,25.200984200038455,57.519888293711816,1,1,58.920731506886675
204,27.85363355178655,41.68101960121996,1,1,53.12341664203922
963,21.771411751528902,97.98421656209958,1,1,76.4092376822729
839,76.11821994026286,29.71922832472631,1,1,85.75419011457345
163,56.50923313282558,93.1294734616221,0,1,111.77212323707151
361,22.80271494880447,84.27255707448037,0,0,65.37845049628376
603,4.048908906291848,10.603100364867323,1,1,18.540677307467142
821,22.68535619291895,76.14114130450015,0,1,76.21885560658524
794,35.19154604952548,71.8463250494568,0,0,69.07639936434879
379,92.39441078908432,8.047336432797735,1,1,87.93919684766632
989,76.27292373650715,35.689091992939126,1,0,73.8628849856753
593,95.6737140406526,56.11468651927811,1,0,99.59631449216114
916,3.48163355222334,28.54940997331067,0,0,22.060011828434007
645,95.41791219504823,69.98618552848896,1,0,106.32742252028306
327,23.84526437781337,74.59252742469079,0,1,76.3724752145961
393,91.37066821682482,89.03163979328961,0,0,122.61235447010466
520,73.8482433937161,62.079957431949616,1,1,100.11857343094769
189,87.48966796442404,51.049464860891746,0,1,115.5164668019851
777,38.85298833081817,48.105430949780825,1,0,50.13510613954495
597,31.397923024020425,10.648134648157349,0,1,50.44240574329502
239,29.301158386170734,53.50288326372051,1,1,60.19236834079685
407,47.8772555911912,47.86222903805724,0,1,82.23291899198158
803,69.52780404178004,47.221927957745436,0,0,84.23320721229675
534,89.14324324129721,54.81644732320898,0,0,103.72281825464226
107,27.429562644499928,57.244942543735064,0,1,70.56612138746748
359,42.466415795872,95.27775886975564,1,1,91.61201207157544
660,52.01591424691835,85.26428660409626,1,1,94.24487469958281
601,57.66649613945399,0.5160329280658127,1,0,41.3912133755961
318,33.00599567718023,67.39832706544243,0,0,65.1039600744654
401,45.089233212535504,28.229838989293675,1,1,60.186306064675236
5,20.57517807315984,44.414787133861964,0,0,43.66753602545886
914,77.70762035208948,2.204256939539717,1,1,73.26822475144144
912,40.13153462727017,25.384165143610716,0,0,49.7973102736215
423,42.46227056609481,7.662238515131003,1,1,47.80093571044135
990,96.12010585341558,44.77195291485665,1,1,109.28206114016079
794,76.99137015517861,24.418387955773003,0,1,93.80229010202939
592,94.49175978531001,60.334517316808586,1,1,115.7606664866523
879,17.489843909028114,17.734809697816534,0,1,42.85927997613076
740,2.7857886028609835,29.61035044776321,1,0,12.033806106170392
540,99.47071807282173,52.378504699122445,0,0,110.7658268078186
236,89.32306217916603,32.09139982082772,0,1,107.50414965374668
684,79.8116658537628,58.57626121867542,0,0,98.13746329234796
383,49.33789116056773,50.82323502160148,0,1,84.88193043925492
595,21.170100401447932,2.5102831077055465,1,1,28.19122187501112
299,4.106481432905628,44.53671545641234,1,1,35.55354287453067
342,92.76851115793853,82.73426781188488,0,1,135.58194283229327
940,36.4256754117666,79.17472726057913,0,0,73.72790395970284
861,3.0790794692414414,5.729803406346701,0,1,25.328165278566505
864,53.63884828950388,9.546002304351353,0,0,52.684079783778785
883,10.169899982201425,54.72803056924964,1,1,45.49993527038596
378,4.585825911748964,21.03693387013602,1,1,24.187127664467184
225,21.36531386422763,87.18473148442567,1,0,55.684616833594944
101,44.54686719690043,42.73546181738587,0,0,62.00522466621328
847,32.02616603723906,43.80699619956682,0,1,67.52443092957465
976,7.021511038703466,86.42289163771154,1,0,43.828654649818546
657,52.38041879088885,30.66149915317564,1,0,52.2350846092989
786,76.7731982659656,70.89965216232163,0,0,101.86838469393331
734,67.79075550465062,77.88846675198361,1,1,103.17683777971232
279,34.04376688174517,41.58853798973073,0,1,68.0292825002615
451,62.87755829368681,35.549673422538,1,1,78.07688334621845
632,15.03223536201591,31.331361762865882,0,0,32.69146917104567
381,52.01096830065891,1.7064895339008457,0,1,62.462019407477555
31,32.943825553534076,0.018427816213173465,1,1,36.36427435093385
513,49.540326073696804,9.622904355484984,0,0,49.44371303669993
163,13.563060213171884,94.64475771902656,0,0,63.17282703005078
490,75.76159858099267,97.47384490421082,1,1,119.34620131689954
400,50.549986772962626,24.402146562871295,1,1,62.64106269980575
882,49.939318810002554,71.53420535773573,0,0,80.7185577268699
205,8.76078177437778,45.10980436704628,1,0,24.563527603025364
392,31.02621423999562,18.871967829491922,1,1,44.256955306742455
849,58.52213083381053,53.73538575725282,1,0,68.68539754567483
289,24.527773155350875,28.45626420053412,1,0,28.85035062454776
330,41.23100839780853,15.592317505999375,0,0,45.78096547124651
197,89.44852474889477,44.77283076884151,0,0,98.94523518353658
141,35.01285135492246,11.710209703724129,1,0,28.865385935800035
308,66.04342264295724,99.45158545456731,1,1,112.56053084164944
595,96.43867723292051,35.09553444806226,1,1,104.69870901036755
121,37.88518350879788,84.83970906901482,1,1,82.7280013415457
320,72.61443423266437,51.16596808236245,1,1,93.67453142731271
996,33.588876666146106,50.44432823865751,1,0,47.093265452245646
161,39.66944223360432,30.80005818799114,1,0,42.13558288087903
358,13.372934883549393,37.390181773076016,0,1,49.39343879337753
204,61.142340565717134,61.963849422116304,0,0,84.89579716363187
858,65.57151695731261,16.722698527317238,0,1,80.8185628295087
742,83.16544851030389,64.30912420572923,1,1,108.68692091110773
258,40.540608953351175,95.64413630933616,0,1,100.25455531734903
15,65.3323702344876,15.11897485310223,0,1,79.8253836141412
537,84.76998633720977,20.661816686468747,1,1,88.1468974130022
216,88.57247967987017,8.663237012352665,0,0,80.18960225007247
727,7.2119872808053875,39.78785276898415,0,1,45.66351620913639
386,0.28374971531269777,78.0142952413326,1,0,34.23414739291646
321,3.3655427861024156,9.748771458146589,0,0,12.566819957955227
707,28.468978001679623,11.929096886956913,1,0,23.739730844822155
258,5.37362617496192,67.37257966714726,0,1,57.98519077354317
378,22.23261054829836,30.523011455734117,0,0,38.047594166505746
379,32.17717560701813,77.20441058299625,0,0,69.34394577711262
141,92.46227130922534,35.76415751625623,1,0,86.85189580550839
91,97.71196314811584,6.885192191352385,0,0,86.61216661416887
853,92.7636433636782,45.799164982173714,1,1,107.11049718202942
515,62.112403039493316,66.6811698642738,1,0,78.03050736373154
290,47.940022762913195,64.19185797435357,0,1,90.44794719750735
126,41.03667364018801,31.928096970477583,1,0,43.7933873973892
800,85.90605310405354,42.15547383445144,1,1,99.80257940046856
170,93.06939689999699,98.56584761753624,1,0,118.73844132876572
284,46.564460665230335,93.36707701691653,0,1,103.93510704064254
937,38.274177489125826,5.7748861881345315,0,0,38.50678508536793
247,21.36831837073354,94.95849918219065,1,0,59.573904287682154
361,5.250012483781708,60.37466784229208,1,1,44.3873439081714
690,5.642666535005292,65.03719825861377,0,1,57.03273235731112
427,83.44398668760715,39.68449344050462,0,0,91.59743607033803
766,20.173281105720832,37.16033433721908,1,1,44.718792053186206
773,42.294663891841765,46.80146932051385,0,0,62.236465773730345
318,18.45323601458414,78.68014582766179,1,1,64.10266172549821
595,50.36984473339856,51.266661538610904,1,0,60.929206556024305
55,80.23686744341411,20.614629060194854,0,0,79.49680848482872
657,44.128812733048925,29.319390658324885,1,1,59.96274551560158
583,23.06771970913344,39.53254119977504,1,0,33.22044636719427
35,20.5694739914382,46.136259496131615,1,0,34.52370894121637
0,2.8478903903623287,58.836778444413476,0,0,36.6967015344966
175,47.71449617417116,57.49969717001072,1,1,76.92144552434229
383,25.284816192620198,55.2557582623832,1,0,42.85573208528776
190,23.302988423849424,80.49320627395868,1,1,68.88899387605888
930,88.67055150417893,70.19791037469133,0,1,126.03539639068882
166,65.14860151027277,21.769849834235387,0,0,68.00380612533591
320,24.842671201851317,67.77368944292486,0,0,58.76098168294349
680,19.226018225941043,95.92065976318979,1,0,58.34114446234773
270,9.074558364053143,19.651125417790617,1,1,27.085209400137824
218,61.86604649468386,24.090943401880626,0,1,81.5383088966874
62,85.56618769551228,60.42274083518575,1,0,93.6643205740027
598,98.52376880814231,70.64125262845128,1,1,124.13964136073949
505,1.950130339740641,14.633386232725687,0,1,28.876797388155353
66,54.98798459145281,39.4259558626053,1,1,73.70336560446489
586,31.791206149941097,90.82877251364566,0,0,75.8473511767757
837,43.04221067048688,83.1815011578105,0,1,96.02451911529477
752,23.006952595274587,17.461253243199526,1,1,37.136188697819435
647,53.92583082218092,81.41493078757718,1,0,78.84813005153333
646,74.78674967351316,74.70523837183532,0,1,117.1820189247282
11,97.18053452324888,62.49682498617355,0,1,128.9928401116859
62,9.619903638506333,91.82562148434558,1,0,48.608733652977854
698,12.351410107150063,53.25845935134783,1,1,46.51035776139396
176,49.39085039227869,63.63756259295743,1,0,66.33146161030167
703,31.53539496439972,66.73277617575259,0,0,63.59470405939607
760,79.06000936568985,74.9115102322508,1,1,110.7037626086773
501,69.29348026168526,50.69907800459739,1,0,75.7843232116469
117,33.70586687948931,89.81810275622894,0,0,76.87374488170592
676,9.279496739327042,64.75254213605727,1,1,49.79986845949027
688,88.92520380298025,83.66253592778146,0,0,117.97143100627494
571,14.809180307110715,86.50646471748405,0,0,60.1005766044306
619,23.671319934955058,18.33780481231586,1,1,38.10595835412198
528,30.066248843223065,70.19540233957304,0,1,79.15070024436497
707,79.82848651113537,28.00842282965509,0,1,97.86700062373583
633,25.416182459653047,55.36712770041119,0,1,68.01650981792804
162,98.35076760998054,39.24176033074779,1,0,93.30149425335833
54,84.97963242893822,18.863511019005795,1,0,72.41546145265347
803,74.76438178739043,94.79244616724382,0,1,127.20772851353426
967,73.08649458115735,50.24660291852984,1,1,93.5924971241908
852,38.574885091349664,18.053855931706806,1,0,34.88683603893314
27,36.54005844565816,60.92189339715719,1,1,69.69299345510512
635,78.15022013233259,60.58702778823528,0,1,112.81368999998372
146,80.98018699774514,84.66052277120698,1,1,117.1144109837996
166,66.23312353795455,11.969956998408538,1,1,68.9714773295679
578,23.93617516708655,15.346527602724958,1,1,36.822203935031716
766,24.20392065587409,19.398371065681097,0,0,34.06232205753982
325,41.78035276608046,76.6134529155891,0,1,91.73100867065892
109,88.974183968519,15.856075470462738,0,0,84.10738491004658
358,20.392053666580434,6.10389582942672,1,1,29.365590847977707
103,18.696276902056784,89.30386199318082,0,1,79.60895251823584
2,41.99126567287772,74.31069024651661,1,1,80.74835766156048
746,86.34381777279802,45.59307068553713,0,1,111.87158956100699
609,77.9989620767636,82.7522168659901,0,0,108.77527809440593
870,5.081077481045327,57.436914127926144,0,0,37.783319048799335
364,66.24702248720108,56.42488901099835,0,0,86.21006249526005
827,91.90735885747033,3.2183610023421627,0,0,80.13506758714735
514,81.5773477402616,46.63027493975412,0,1,108.57701566208634
74,75.97304431309168,33.048410762757705,0,0,82.3026408318522
309,27.79264181151493,49.45004864074084,1,0,41.95913776958237
967,12.11682849871023,61.28409317105693,0,0,45.335509384496646
254,72.25406054772395,40.066958761340544,1,0,72.83672781884944
379,84.85279653245335,76.34302488381154,1,0,101.05374966786846
376,25.080316570015505,96.68030746164588,1,0,63.40440698683535
439,29.52940299055803,28.978370394686948,0,1,58.1127075897899
252,31.965362426750655,10.226209167958578,1,0,25.685394525379817
63,97.67089986828368,72.60291631896634,1,0,109.43817805411013
972,94.52364442152727,43.65749447297149,1,1,107.44766277370755
934,61.51754585993301,65.70726466658454,0,0,87.06766902123869
138,13.525460457809613,75.71897970704458,0,1,68.67985821976998
132,15.496618196770328,22.72531135511603,0,1,43.75995023497428
624,47.81435096472125,23.60950240301275,1,0,45.05623197328338
548,69.05658102294285,24.10084741187557,1,1,77.29568852429207
455,78.84928396364992,52.42678227843223,1,1,99.29281831013606
382,26.301818854944138,97.991677685463,1,0,65.03729392668681
712,75.03416261857953,86.68024220545745,1,1,113.36745119759235
489,48.40156804060817,94.28802891309095,1,0,80.86526888903202
255,68.57915013374675,31.696447087706847,1,0,65.71154365085083
590,99.80276267413566,55.39971848562202,0,1,127.54206938211954
981,37.84951400900037,45.438306221548174,1,1,62.99876431797439
54,72.40416927463713,57.60179967029663,1,0,81.72423525485802
938,6.366082504700454,80.58290697198068,1,1,55.3843194897507
166,19.88812089594959,74.34778943194542,0,1,73.08439143273239
266,98.54811937094276,98.79786821388122,1,1,138.2374296036948
763,57.309899979742475,41.06403149377118,1,0,61.37993573067958
839,14.20978242115517,70.99196896612307,1,0,41.86381041998567
795,67.95815552036551,28.88957181911107,0,0,73.81131032584794
681,86.73514861491991,20.876070611935415,0,0,84.82615419790363
969,9.032356937402298,53.351968009158625,0,1,53.901869554501154
896,76.871506525815,57.87258104865869,0,0,95.43349574498134
652,19.556395193464983,41.501151803994404,0,0,41.39569205676919
126,43.33387175594211,41.5798725073758,0,0,60.45703365844159
177,98.70885215413901,69.64499115797409,1,1,123.78957730229826
803,59.295273587498244,67.74248379283877,0,0,86.30746076641799
889,69.55485843074423,5.400527053681403,0,1,78.34415027143609
152,18.31308096306611,8.20774332252907,0,1,38.75433643171742
285,13.161682598986324,42.57480757710322,0,1,51.816749867740675
376,60.92987869421484,82.61932437011411,0,0,95.05356514042893
411,96.53746744158201,69.42539731207759,0,1,131.9426726093044
842,57.060489742306586,26.593782198161232,1,0,53.94528289292589
846,78.3312203369787,73.97483686499305,1,0,94.65239470207949
518,15.31011614906268,12.951934123023268,1,0,13.724059980761778
237,1.7439788874133777,1.43566636377771,0,0,10.0
416,51.48267328297336,41.37517732974108,0,0,66.87372729124922
147,95.6472417829154,25.278798222294473,0,0,94.15719253747956
474,83.16649900668874,83.37893265870373,1,1,118.22266553470286
838,9.32849560755833,0.5781627226288277,0,0,12.751877847361078
11,76.12457101290035,84.73976454562606,0,0,108.26953908313331
662,97.10256835010625,46.074132889897655,0,1,120.71912112503384
372,87.33424731381805,32.497487479886665,0,1,106.11614159099778
278,96.68618909571764,63.741314210253044,1,0,104.21960838170064
800,98.97734438653642,57.33250116622575,1,1,117.84812609234201
569,84.34406908312808,5.0499821183056515,0,0,75.00024632565528
438,77.81549735878367,63.19712256992916,0,1,113.85095917199152
873,55.30957444496792,14.429781717491942,0,0,56.46255041472031
603,63.7291655263332,48.14404289907889,0,0,80.05535387060601
901,82.02245711065508,86.9031713841573,0,1,129.06955138060272
235,33.25433706309177,23.895160113990322,0,0,43.55104970746858
826,89.52683233151375,61.11246778778218,1,0,97.17769975910208
938,90.37486244577566,28.2727339073084,0,1,106.43625691027474
235,75.62523300764109,30.992373066606493,0,1,95.99637293941612
4,30.941542912217557,88.50640675109769,1,0,64.0064377053229
274,25.82127602218831,32.794039416571366,1,1,47.05404052603633
822,12.846421192984824,16.722644304015432,1,0,13.638459106395576
481,52.65779340676092,87.21085035711195,1,0,80.73165990396473
624,85.07735615720615,85.20280383988768,0,0,115.66328684570877
567,13.639464161484671,99.71863941871936,1,0,55.77089103854742
862,42.33223824252804,15.817812899829653,0,0,46.77469704393726
853,5.531438805969302,41.918263018235436,1,1,35.38428255389316
840,79.77808315976195,42.24855942079164,1,0,79.94674623820538
485,85.66717100127542,86.2339322277905,1,1,121.6507029149156
701,66.55008999868056,88.18561276350762,0,1,117.33287838069826
227,46.93181145998208,6.721827375003597,1,1,50.906362855487465
873,33.97327630888076,79.67718194084397,1,0,62.017212017526596
657,60.84232399539069,11.829248866487463,1,1,64.5884836295563
541,6.489974164462553,64.80527622980411,0,0,42.5946174464721
873,85.39113365436451,35.011526303377124,1,0,80.81867007518017
481,68.57447366380185,7.652280901216857,1,0,53.68571938164991
269,39.23905480255352,73.28725278376885,1,1,78.03487023392724
406,52.93049542995851,56.177156080221394,1,0,65.43297438407751
689,27.567333796463977,74.72523435132878,0,0,64.41648421283557
521,98.91367223880346,78.4926771976764,0,0,123.37727638988096
564,16.371254830186476,28.522029798864178,0,0,32.35801876358127
503,16.354259243039028,77.31900860206053,0,0,56.74291169546149
781,22.266342253590043,0.06549570194132048,1,0,12.845821653842696
655,46.93952783854167,1.497018901523739,1,0,33.30013172159521
106,75.59104305754578,12.275070819526668,1,0,61.61036985579996
525,56.34012210664109,9.652720966845308,0,1,69.89845816873553
857,35.428214551043254,73.57747920551866,0,0,70.13131124359393
131,91.05994400800063,19.20640654773591,0,0,87.45115848026845
938,27.94914343205549,86.50739067724153,0,0,70.61301008426516
925,77.88192873951438,58.96558501465472,1,0,86.78833549893886
206,34.86399213142066,70.71030225403251,1,1,73.24634483215279
591,72.25583392125826,39.20261964586288,1,1,87.40597695993804
359,8.332472799361334,28.013662837093488,1,0,15.672809658035812
301,29.511008696705442,72.99096367545893,1,0,55.10428879509382
376,26.90448502128604,63.70522891512148,0,0,58.376202474589576
21,64.30537846587595,13.710945750416792,0,0,63.29977564790916
840,66.36898598401054,18.975553480864328,0,0,67.5829655276406
273,37.74516670747633,65.40584119095418,0,1,82.89905396145815
879,47.98724642255022,60.75071507786824,0,1,88.7651546769743
536,99.48540109161134,72.73498687691814,1,1,125.95581431174816
167,0.6377824981873781,97.11534719080089,0,0,54.067899593950344
602,62.17256397946064,61.547533216243075,1,0,75.51181779169005
146,72.12887954727918,33.9826929183169,1,0,69.6944500969818
453,74.95206378088476,84.4197787848864,0,0,107.17154041715101
185,14.652148517668007,87.11078546785102,1,1,65.2771115480599
556,26.66048315999211,57.51035903053378,0,1,70.08356604326057
48,59.67188716479662,65.41797282616595,0,0,85.44649614492027
177,81.87610923404372,66.07337237963064,0,1,118.5375735770503
311,45.50212822942951,78.96275246954637,0,1,95.88307881831679
488,63.43591614020836,98.0814528898756,1,1,109.7894593571045
964,86.07916207506872,3.314564953022703,0,0,75.52061213656634
2,5.228182774153034,43.80660418377278,0,0,31.085848311208814
769,59.50958171766969,44.06402557755984,0,1,89.63967816291569
127,38.88928183373943,40.81596608717366,0,1,71.51940851057839
106,93.55047048597392,82.19451058562849,1,1,125.93763168159339
299,11.306065625327843,28.338875386128237,1,1,33.21429019332639
723,43.26032925214898,30.77334508568923,1,1,59.9949359445638
88,2.51333280700633,17.01181192951803,0,0,15.516572210364078
330,95.53777263032298,99.01585870636141,0,0,130.9381474574391
585,79.37239535555534,95.78258200553664,1,1,121.3892072872126
264,99.64724117759565,66.24502596660098,0,1,132.840305925377
375,43.2595050920315,11.369396985126201,1,1,50.292302566188305
293,49.24779487239005,6.123098423461704,0,1,62.459785109642894
130,78.73160120086177,80.68668864887955,1,0,98.32862528512919
257,69.55057551699633,59.57513986837553,0,1,105.42803034778484
357,40.186363830647586,52.94118123105911,1,1,68.61968168004762
83,25.59462018478357,80.59708591524719,0,1,80.77423910545045
980,13.65187854640465,71.66357475385892,1,1,56.75329021405318
26,37.9917419411244,51.913626366692135,0,0,61.350206736245596
916,61.979671599058406,31.507728209338637,0,0,70.33760138391605
516,27.526133245102002,8.456805902437326,0,0,31.249309547300264
152,9.020123461581386,21.1174310059993,1,0,12.77481427226476
375,12.064335773988677,56.36450742210464,1,1,47.83372233024326
62,39.102579902584864,73.12101665435226,1,0,62.84257224924402
448,26.74880888825789,79.13004194673306,0,1,80.96406808397285
512,94.41449600100081,95.03963555643476,1,0,118.05141457901803
322,14.700406893145479,92.28587502757347,0,1,77.90326302830312
139,34.96299811688336,68.4772825802171,1,1,72.20903978361525
869,30.328565615576697,24.206027647672524,0,1,56.36586631629763
86,29.3284803207831,46.136513596222805,1,0,41.531041054737884
524,1.885583865698448,81.01530421811376,1,0,37.01611920161564
529,14.459597097669963,41.5330223896635,0,0,37.33418887296772
437,13.845083526038426,98.76447061409401,0,1,80.45830212787776
796,3.470801399776524,1.186196205766532,1,1,13.369739222704485
194,67.12035113722992,3.111571235871813,0,1,75.25206652771985
116,76.78342203828286,17.730790887678616,1,1,80.2921330744656
541,83.98072400026291,23.92470117413933,0,1,99.14692978728
806,10.112804126732799,38.560654725343035,1,1,37.37057066405776
538,24.151784729365556,86.98454137123377,1,0,57.81369846910933
353,42.43678742095977,35.04865601979327,0,1,71.47375794666445
766,9.484964247280548,61.77579523922846,0,0,43.47586901743867
894,59.50251092907667,0.2539715003901155,0,1,67.7289944934564
786,94.62364273614067,20.674897276683414,0,0,91.03636282725425
905,89.85981456445002,11.512450205590275,1,0,72.64407675435515
580,95.35878194562966,90.07710038448883,1,1,131.32557574874815
358,71.780903968398,79.45402834205959,1,0,92.15173734574819
303,74.17974219645028,76.01664080214731,0,1,117.35211415823389
382,6.627813594637633,36.73556232864268,1,0,18.670032040031447
317,28.46306286887651,53.97466998230163,0,0,54.75778528625202
615,28.845046927858988,50.736827617639456,1,0,43.44445135110692
482,12.912319599417089,55.15872481763385,0,1,57.9092180883506
557,42.536391222531314,74.71009012008213,1,0,66.38415803806612
877,67.1851687053825,44.857540390812126,1,0,71.17690515971206
133,95.73683970129429,30.11255382583099,1,0,86.64574867395092
104,71.22923844560583,84.85278388790388,1,0,94.40978270043661
653,95.9916370361682,24.98499304462527,1,1,99.2858061512472
77,91.86658343394545,53.82708821693708,0,1,120.40681085562491
390,33.09462071768462,95.60398097010562,1,1,84.2776870592005
700,64.8937345494658,70.27859181267381,1,1,97.05428354590956
17,21.85221623719449,71.46798988411338,0,0,58.21576793181228
458,24.29573325596929,11.99732253708624,1,1,35.43524787331855
302,10.330155464622248,90.11184483637643,0,1,73.32004678988602
192,68.98910300172606,86.05984220306901,1,1,108.22120350291536
687,86.89873269365005,92.15831169361991,1,1,125.59814200173
692,31.38725673185878,88.09919678889098,0,0,74.15940377993252
981,12.998608645004007,89.14161323531312,0,1,74.96969353365976
354,10.435622829985725,60.61942449150685,1,0,33.658210509742005
569,50.127461801062566,66.54911882275537,1,0,68.37652885222775
633,9.48435222330427,65.32759727473575,1,1,50.25128041601129
455,57.236768552974226,78.98784870200195,0,0,90.28333919338036
287,98.60007912692126,45.53124826304293,1,0,96.64568743305847
781,1.1648772575454935,21.218054043594726,1,0,10.0
294,40.61862292738646,47.355048397934596,0,0,61.17242254087647
334,90.13903082294605,1.358979268188365,1,0,67.79071429245103
656,77.55576574883356,52.38724432839471,1,0,83.2382347632642
290,66.1802962441859,29.13812974811988,0,0,72.51330186940865
631,68.55603677253771,47.54197148481085,1,0,73.6158151604356
989,53.31611339140703,51.16969083001125,1,1,78.23773612813125
793,1.2751424166745462,17.51597167869846,1,1,19.77809977268887
724,59.899569323063716,67.92547231381093,0,1,101.88239161535644
88,90.94163015206685,35.59661575125733,1,1,100.55161199728215
368,97.46509510229593,36.69913004754651,0,0,101.32164110561
812,1.0285275541593308,0.7990265059399815,0,0,10.0
255,43.76863833163404,1.5944310937301087,1,0,30.812126212172288
930,66.05894259385705,62.71748284365145,0,0,89.20589549691138
768,85.2566495525278,5.2518362522995465,0,0,75.83123776817202
914,26.32345400480637,71.2905399482255,1,1,66.70403317795785
577,92.20718923227706,24.08300254314574,0,1,105.80725265739451
374,37.265838861721015,19.596856297906484,0,0,44.611099238330056
402,63.909891323534765,94.89137058743637,0,0,103.573598352546
678,27.555510874115885,44.73003534146704,1,0,39.409426370026225
788,90.0422864466163,51.16770176820774,1,0,92.61768004139691
799,20.171732277532183,86.7906448295049,0,0,64.53270823677819
573,18.156036986277602,67.02735481646774,0,1,68.03850699725595
528,32.49845845739679,83.37051518130136,0,0,72.6840243565681
702,60.542630751340944,2.4977519253315594,1,0,44.68298056373854
166,29.16509424356335,44.786116602523606,1,0,40.72513369611248
837,59.26818954270332,38.02517069603921,0,1,86.42713698218226
612,75.96206481371516,38.98559526001021,0,1,100.26244948097724
786,63.93198717824312,33.84365884128949,1,0,63.06741916323924
406,53.42926086260692,54.08433000141494,1,1,79.785573690793
851,0.4849001542730713,53.76623085805291,0,0,32.271035552444914
496,54.471613235125396,10.838113878123268,0,0,53.99634752716195
267,10.485132387231221,47.81037102730403,0,0,37.29329142343699
125,95.37522074547836,73.36562369547568,0,0,117.98298844412052
929,75.49510877672807,19.269355350932504,0,1,90.0307646968487
699,45.92884150223557,74.94550403805844,0,0,79.21582522081768
524,14.688059868223046,24.28439072690931,1,0,18.892643258033093
300,1.3214605883543062,25.264715829799155,1,0,10.0
886,87.93490321971625,68.56565844016559,1,1,114.63075179585579
928,95.83459764786876,89.36697864728892,1,0,116.35116744193948
314,35.228599751244616,15.293967579122924,1,0,30.829863590557153
708,92.12234031168028,21.49886424729467,1,0,79.44730437299157
203,85.75855817174043,34.73171508217205,1,0,80.97270407847837
666,84.26054104425756,33.77184271292267,0,1,104.2943541918674
487,93.17993861354631,60.807310549087234,1,1,114.94760616538068
965,3.559277056522059,94.01466122516533,0,0,54.854752257800314
957,85.82100956417348,7.914232693335399,1,1,82.61392399800648
570,92.10474959838281,91.77311721432731,1,1,129.5703582858699
372,43.40723001762781,91.84001656925804,0,1,100.64579229873127
743,19.400261711075075,30.957360526865596,0,1,50.99888963229286
295,70.16142266267128,97.49954311597496,1,0,99.87890968812451
282,52.118340445983826,84.47891775115835,0,1,103.93413123236624
65,76.47995291069192,5.7021973543398,1,1,74.03506100572343
404,32.46984512739075,95.00338948044711,0,0,78.47757084213616
86,36.64988729299807,25.29050552869173,1,0,36.96516259874433
410,49.16710313067922,96.00145803190252,1,1,97.33441152049464
275,46.71979168169664,87.28356762410534,1,0,76.01761715740999
358,70.74120040293151,5.9227027434173625,1,0,54.554311694053894
942,3.444383156567188,78.71544941445755,0,0,47.113231232482526
763,72.09273234793199,91.61582394913044,1,0,98.48209785291081
813,73.18144751378735,12.852420799910425,1,0,59.97136841098509
384,60.99075022918902,34.63242938988918,1,0,61.10881487829581
207,13.265351978905493,95.00347722840588,1,0,53.114020197327335
532,3.6700878223800193,86.68192325425922,1,1,56.27703188503362
265,99.96468063888389,3.0874052641466587,0,0,86.51544714318045
846,42.495523634148036,29.667147269258287,1,0,43.829992541947576
903,89.96492305427205,19.815831459311674,0,1,101.87985417307348
987,82.6458409708427,2.3468482722273754,1,1,77.29009691278785
334,49.606829287705054,72.35635373721472,0,0,80.8636402987714
446,87.1273505625436,29.667580641345037,1,1,94.5356707707074
947,9.710499321314048,44.19983492484858,1,1,39.86831691947553
7,32.174644111152574,90.87090500291252,1,1,81.17516779037832
954,68.25154317991834,35.99009560831456,0,1,92.59628234809196
569,53.83211627025533,91.80701964852315,0,0,93.96920284046584
898,33.04883340104768,41.790994845534314,0,0,52.334564143605306
960,34.230357175404244,67.45284866864993,0,0,66.11071007464837
440,19.893451031226473,77.38396378901538,0,0,59.60674271948887
21,28.648383431722646,32.18531870987732,1,0,34.01136610031678
497,29.310658819584212,51.64458909107984,1,1,59.27082160120729
580,92.80034287978953,46.92188973872222,1,0,92.70121917319274
51,58.89388245359074,81.36896364993478,1,1,97.79958778783998
844,52.25464027955509,99.21348759638731,1,1,101.41045602183773
482,69.65677540456497,25.936374916547177,1,1,78.69360778192556
767,2.883452652652707,71.85874166960268,1,0,33.236132956923505
489,22.93405151329557,98.1679058518784,1,1,77.43119413657566
604,55.3315715638948,21.25953260305713,0,0,59.8950235526444
488,56.01678473164231,57.24082361801859,0,0,78.43383959432315
371,72.88288947267249,69.71737917818986,0,0,98.16500116723293
275,89.16261058705882,24.736388877611393,1,0,78.69828290845277
223,61.29790675263935,82.68600107089668,0,0,95.38132593755982
191,60.27420254288457,69.72657936942774,0,1,103.08265171902153
564,28.332678858363046,74.8140864805959,1,0,55.07318632698839
12,64.57528441991796,57.312493965634914,0,1,100.31647451875183
353,95.23113849321945,73.3137652297853,0,1,132.8417934094682
914,94.31830531216163,22.56577067220129,0,1,106.73752958582995
344,97.53672530596495,89.6041238018812,1,1,132.83144214571257
425,10.387400993303796,54.17500886412967,0,0,40.397425226707874
585,55.26628917181856,21.169726123981913,1,0,49.79789439944581
963,23.738477771066037,41.67933526841578,1,1,49.83044985106072
92,63.06745546044026,53.06640749378329,1,0,71.98716811524386
96,41.86651381800167,88.08228899241463,0,0,82.53435555060865
304,57.951528292926525,36.34525564057272,1,1,74.53385045462758
733,95.4254450516304,88.63160391155812,1,1,130.6561579970834
275,84.88390462707926,24.832543760720295,1,0,75.32339558202355
594,57.34589366154523,70.65767377941081,1,0,76.20555181894159
938,64.79917609443375,29.646446535358006,1,1,76.662564143226
36,95.87834836139628,48.49553156947752,0,0,105.95044447385578
515,0.2660195643301,64.42218158508408,0,1,52.42390644400612
702,68.73731244076359,69.48470168207498,0,0,94.73220079364836
940,17.125067072689337,48.594578347555775,0,1,57.99734283192935
240,16.569642773251104,21.67458368330548,0,1,44.09300606025363
487,13.43031471459739,93.25006159520022,0,0,62.36928256927803
156,90.0620667955788,28.807272345841362,1,1,96.45328960938373
189,22.281427168823587,25.57526160293162,1,1,40.61277253652468
982,32.276518140958146,75.69201617079628,0,1,83.66722259816466
662,2.5660120701791356,54.0544363472177,1,1,39.08002782975216
562,37.73819381264867,90.66040239873875,1,0,70.52075624948831
187,2.4662282442768357,67.39986258798102,0,1,55.67291388941198
503,83.0073333571028,88.92464835910002,0,1,130.86819086523224
111,1.2811901229379696,27.630601020114376,1,0,10.0
623,73.05181883682307,37.51771923955033,1,0,72.20031468923364
966,54.61546898219677,34.10850791764592,1,0,55.746629144580375
971,69.53717113471357,97.63386848040885,0,1,124.44667114797528
53,2.851705530254367,3.0623961066474914,0,0,10.0
140,27.715946428142612,85.6328676521834,0,0,69.9891909686058
367,25.488181604952498,29.328044081957195,0,1,55.05456732494059
49,29.113518810697702,82.36512353458049,1,0,59.47337681584841
844,57.62241518828893,60.894346004000056,0,1,96.54510515263118
421,41.506341357212705,84.97073492265994,0,0,80.69044054710014
867,41.08885920532636,56.39148181470851,0,0,66.06682827161535
577,64.37387794393325,79.42776298060397,0,1,111.21298384544859
914,71.62421283226668,25.309202541625297,1,1,79.953971536626
826,50.22393721043649,20.00276898183213,1,0,45.18053425926526
526,53.601659438984804,4.56564525127331,1,1,55.1641501768245
506,0.7806232723958639,77.57512212950142,1,0,34.412059682667405
356,4.304736307353196,81.84329687581021,1,0,39.36543748378766
591,2.590706263357434,63.92058850813067,1,1,44.03285926475128
925,96.54096806444194,86.16814771008532,0,0,125.31684830659621
577,89.29981854926594,93.77764089729963,1,0,113.32867528806256
15,4.133745429008195,84.32826258890252,0,1,65.47112763765782
117,24.1095104192556,79.69756962539527,0,1,79.13639314810212
632,84.36951436016308,7.951851075555549,0,1,91.47153702590825
35,26.397865869968072,83.87498910316177,1,1,73.05578724755534
841,60.74595993722702,81.53320947954654,1,1,99.3633726895549
755,9.877291574478708,23.489783128657738,1,1,29.646724823911832
285,54.41264194579436,45.30230986517716,0,0,71.18126848922407
409,27.542084277983847,43.11914394076899,0,0,48.59323939277158
828,91.33160967697886,78.29086555436831,1,1,122.21072051876725
624,18.616631378213466,65.18482592941143,1,1,57.48571806727649
108,53.73978714017784,20.281756724727895,1,0,48.132708074506226
416,44.36799220432324,37.45582667625189,1,1,64.22230710158453
849,67.77301926373703,99.57834286987884,1,1,114.00758684592904
529,11.316032771562234,0.10311100685131969,0,1,29.10438172067545
127,76.43302417658084,36.78665443157393,1,1,89.53974655705164
714,32.421990968831004,13.757124311936375,0,1,52.81615493103299
822,87.47609937229379,38.291916816641184,1,1,99.12683790615563
854,74.76724197780682,17.155258018203558,0,1,88.39142259134724
95,16.332221670571133,2.779310634175325,1,1,24.45543265354457
953,32.414023991549904,12.687765151893204,0,0,37.27510176918653
283,64.05648418049337,7.322575592684311,1,1,64.90647514073686
38,2.1929308858738783,61.06330113294957,1,1,42.28599527517388
199,72.78617067848803,83.79017364981,1,1,110.12402336769543
452,36.5253163042978,9.083405962794423,1,1,43.761956024835456
573,51.16960829674392,7.358061698304064,1,1,54.614717486547164
719,28.775829310111646,64.54205112896646,1,0,50.29168901257255
49,34.80258200734072,40.26556127503934,1,1,57.97484624339225
228,75.79979495163515,92.64911300632706,0,1,126.96439246447164
959,65.57990129954291,26.8079081857705,0,1,85.86787513251957
217,51.186467438246886,19.56007672485792,1,1,60.72921231302647
541,76.52789950620124,65.88215905950047,0,1,114.16339913471123
984,17.864287276091652,37.38449408719894,1,0,27.98367686447279
30,64.75736865244227,17.92981292886413,1,1,70.77080138638588
833,39.348071933550074,26.601029251824258,0,0,49.77897217275219
13,73.84686556860079,48.239557623000174,0,1,103.19727126638071
456,7.635051176212415,51.39189424547087,0,1,51.80398806370536
475,6.756054308021042,10.7179555540439,0,0,15.763821223438784
915,27.93742062524617,93.34478531082166,0,0,74.02232915560776
325,81.01664380173307,79.78229632574322,0,1,124.70446320425808
176,64.00910118695106,81.23375534151766,0,0,96.82415862031968
348,64.64951776432541,29.474770193481547,1,0,61.456999308201105
594,96.22347337872628,5.432490264063228,0,0,84.69502383501265
953,26.40203469665342,88.83942322601855,1,0,60.54133937033201
645,35.346273399337235,38.51980909104893,1,0,42.53692326499426
897,45.45262501250822,29.433636821889287,0,1,71.07891842095123
549,57.066579735102785,18.81470729024507,1,1,65.06061743320475
463,8.250099657681876,38.8321586678126,1,0,21.016159060051802
46,61.245805068792194,30.06856536654261,0,0,69.03092673830506
231,69.56867130644588,91.02034456086767,0,0,106.16510932559055
457,13.005113384689137,90.0950726343633,1,0,50.45162702493296
549,98.14214495343546,26.166664222103243,1,0,86.5970480738
512,50.23668453688196,2.025400077263917,1,0,36.202047668137524
235,82.50708005612225,76.07084045663154,0,1,124.04108427321357
87,13.043398517179373,51.678415649171185,0,0,41.273926638329094
968,0.9991043970570712,16.502763939266217,1,0,10.0
647,51.92040041782714,6.340248390725622,0,1,64.70644452962452
646,66.0420689502163,30.53751009124712,1,0,63.1024102057966
830,41.9038797833285,23.159539901509653,1,0,40.10287377741763
450,77.65790842860932,97.46631935705751,1,0,105.85948642141622
354,48.95706789553036,92.61531450401267,1,0,80.47331156843063
573,3.5667519731392705,90.61301446522799,1,0,43.15990881112541
560,18.22341650842746,71.51492952160827,1,0,45.3361979675461
729,7.1662272547659,16.748671574707107,0,0,19.10731759116627
235,83.20660657079942,60.897901796333485,0,1,117.01423615480628
639,86.41018782941413,46.970940265790205,0,0,97.61362039642641
166,17.654176068539773,93.6629164980793,1,1,70.95479910387147
316,34.18165681065916,8.931821155606334,0,0,36.811236026330505
743,72.03822035004573,24.247990818592903,1,0,64.75457168933305
418,96.66648467420053,94.6517511581325,0,1,144.65906331842666
826,26.787698485677357,74.93173590171529,0,0,63.89602673939953
595,76.03409472757136,72.65899894270204,0,1,117.15677525340811
639,59.59225881635765,32.28466380860283,0,1,83.81613895738754
565,86.79482229062533,17.434715328172434,0,1,98.15321549658648
516,25.707173277382743,78.54611731349897,1,1,69.83879727865568
897,74.89299996961965,3.6417152148039866,1,1,71.73525758309772
249,26.925340449778766,17.71690649234522,0,1,50.39872560599562
446,92.30309218527462,23.66628279087295,1,1,95.67561514365617
328,19.064666209809378,14.281317045685737,0,0,27.392391490690372
702,46.35651611254291,50.971413658333475,1,1,72.57091971920107
418,65.55193748855388,60.16774398569377,1,0,77.52542198368998
647,3.327288616361479,67.67428715157806,0,1,56.49897446887821
10,61.23034024284551,21.969283253060468,0,0,64.96891382080665
397,18.312111318450764,52.379491105952745,1,0,35.83943460773698
795,20.132068684232806,90.80733319036703,1,1,71.50932154256977
136,75.3342159390241,0.33536293732726596,1,0,55.435054219882915
323,43.021489298511895,74.65764544176854,1,0,66.74601415969379
508,77.32685574381036,82.65388712416208,1,0,98.18842815712932
876,49.88286664190012,51.3428166412684,0,0,70.5777016341543
415,44.72992164176224,98.46586589147428,0,1,105.01687025914693
832,11.943903279740208,74.51512588318379,1,1,56.81268556538406
423,35.79443851170843,35.90502806511382,0,0,51.588064841923654
320,65.13314035960846,44.849036391254046,1,0,69.5310304833138
288,93.87083509577818,32.19650466604772,0,1,111.19492040964641
677,23.938477181888885,44.32657776605395,0,1,61.31407062853809
617,95.15442900843098,9.101084057066133,0,1,100.67408523527786
433,94.87925601255549,94.60628404701272,0,1,143.20654683355076
756,10.155483363830198,72.9124310344096,0,0,49.58060220826896
882,30.184625825096855,32.25986085812407,1,1,50.27763108913952
36,33.75243752611436,5.986337294920318,1,0,24.99511866835165
560,74.65997437861449,15.996392650544855,0,0,72.72617582816403
303,88.83413237781137,43.92371656239249,0,0,98.02916418344535
29,52.10989895980056,60.228034339344724,1,1,81.80193633751281
339,41.70451130143301,12.878952584185887,0,0,44.80308533323935
72,41.677388234753245,42.811709442304306,0,0,59.74776530895475
153,61.535087944023246,86.08266543088044,1,1,102.26940307065883
423,22.132143958785157,24.089205943993342,1,0,24.7503181390248
208,75.19743677420156,16.037746081971747,1,0,63.176822460347125
903,90.23175002581084,64.41911952053442,0,1,124.39495978091588
767,29.533181343688476,24.380445226587945,1,0,30.816767688244756
926,62.78681632168781,75.71393151715496,1,0,83.08641881592773
339,73.20162295108369,46.21564107367975,1,1,91.66911889770682
644,46.881549024135985,27.51761712083024,1,1,61.26404777972391
190,85.64393069079304,90.60378644937936,0,1,133.81703777732412
